business_month,sum(rideshare_profit)
Lyft-01,-72633.35
Lyft-02,-70064.72
Lyft-03,-99403.93999999994
Lyft-04,-90197.13000000003
Lyft-05,-107719.20999999989
Uber-01,1.3319711160999987E8
Uber-02,1.3062880562999989E8
Uber-03,1.5207287640999982E8
Uber-04,1.502698201799999E8
Uber-05,1.6313361548999986E8
