business_month,sum(driver_total_pay)
Lyft-01,239932.26000000004
Lyft-02,234875.5299999999
Lyft-03,310276.55
Lyft-04,297815.3799999999
Lyft-05,360408.09
Uber-01,2.50253480670004E8
Uber-02,2.521559770899985E8
Uber-03,2.959584960100005E8
Uber-04,2.950689272200045E8
Uber-05,3.13005114550005E8
